model,auc_roll_mean_static,auc_roll_mean_rolling,diff_rollmean_rolling_minus_static,auc_all_static,auc_all_rolling,diff_auc_all_rolling_minus_static
logistic,0.9236363912,0.9278549101179944,0.004218518917994407,0.9258862823,0.9022251952429374,-0.023661087057062602
random_forest,0.8933936939,0.9228872726554214,0.029493578755421357,0.9246884204,0.923495384111122,-0.0011930362888780133
xgboost,0.8603669642,0.8603669641750804,-2.4919621921526414e-11,0.8930659518,0.8913417564379843,-0.0017241953620157346
lightgbm,0.868678562,0.8686785619853653,-1.463473786600389e-11,0.8962812081,0.8947265050352806,-0.0015547030647193871
catboost,0.8830992694,0.8830992694372608,3.726075004095719e-11,0.9157027686,0.9142326036348994,-0.001470164965100551
