model,rolling,static
catboost,0.9142326036348994,0.9157027686
lightgbm,0.8947265050352806,0.8962812081
logistic,0.9022251952429374,0.9258862823
random_forest,0.923495384111122,0.9246884204
xgboost,0.8913417564379843,0.8930659518
