model,rolling,static
catboost,0.8830992694372608,0.8830992694
lightgbm,0.8686785619853653,0.868678562
logistic,0.9278549101179943,0.9236363912
random_forest,0.9228872726554214,0.8933936939
xgboost,0.8603669641750804,0.8603669642
